Episode,Total Storage Cost,Total Travel Cost,Total Handling Cost,Total Delay Penalty,Total Cost,Total Reward,Total Late Departure,Number of Late Departure,RL Triggers,Shipment to RL,Undelivered Requests,Wait Actions,Reassign Actions
1,173096.03333333327,191137.6042633334,89970.0,35350.66666666667,489554.3042633335,-131897.71574,4369,24,12,1,0,46,0
2,152337.2166666666,189113.9921866668,89970.0,16844.916666666668,448266.1255200001,-98098.01428333334,7580,31,14,0,0,52,0
3,150593.0166666666,188732.7596800001,89970.0,16578.483333333334,445874.25968,-53291.753549999994,4264,27,12,1,0,30,0
4,151488.9666666666,191072.91180333347,89970.0,19487.13333333333,452019.0118033333,-89066.41588333335,3353,30,13,9,0,50,0
5,152674.1499999999,188750.77876666677,89970.0,19306.7,450701.6287666667,-62233.58886666669,1885,23,8,5,0,33,0
6,153940.16666666654,189506.88071000008,89970.0,21041.116666666665,454458.1640433334,-115447.14319666664,3197,26,10,3,0,50,0
7,154800.80000000002,189030.16644000006,89970.0,19778.350000000002,453579.31644,-123102.56894333335,4835,26,11,5,0,60,0
8,155046.19999999992,190390.8180600001,89970.0,21741.316666666666,457148.33472666674,-89367.57633333335,3083,25,12,3,0,47,0
9,153190.6166666666,190379.39260000008,89970.0,19326.23333333333,452866.2426000002,-127863.88785000001,2704,22,11,7,0,63,0
10,166881.51666666672,190849.85086333338,89970.0,30203.416666666664,477904.78419666644,-122896.70883333337,3758,23,11,12,0,55,0
11,152639.3166666666,197294.87329666672,89970.0,19239.1,459143.28996333346,-109583.96003333332,2688,24,8,1,0,37,0
12,155354.89999999994,190129.74290666677,89970.0,21758.400000000005,457213.04290666664,-90391.31766666665,5579,28,13,21,0,55,0
13,155712.66666666657,190427.50051000007,89970.0,19728.56666666667,455838.73384333344,-133245.37362,6033,34,21,12,0,73,0
14,156999.0666666666,190311.36854666678,89970.0,23221.65,460502.08521333337,-74367.52558333334,3781,26,11,22,0,54,0
15,149463.0166666667,189043.04304666672,89970.0,17251.916666666664,445727.97638,-71424.46473333334,2565,26,10,1,0,32,0
16,298322.06666666665,183506.30928000007,88044.0,88966.43333333333,658838.80928,-255328.73943999998,8814,33,16,17,4,62,0
17,168965.31666666656,194264.69313999996,89970.0,33358.58333333333,486558.59314000007,-94328.90350000001,4447,30,9,1,0,32,0
18,152879.88333333321,188831.47298000008,89970.0,19540.03333333333,451221.3896466667,-163230.6476166667,2609,22,11,3,0,73,0
19,149584.79999999993,191106.36417000004,89970.0,17098.85,447760.01417,-75843.4193,3742,26,10,0,0,37,0
20,148298.94999999992,188936.43862000006,89970.0,15082.416666666666,442287.80528666684,-92745.38323333334,4238,30,13,0,0,43,0
21,155736.5,190423.22167666676,89970.0,22828.38333333333,458958.1050099998,-58458.485700000005,2657,25,8,2,0,26,0
22,176656.74999999988,189139.4952333334,89970.0,40689.966666666674,496456.21190000005,-111778.95999999999,5707,24,11,26,0,55,0
23,154439.53333333327,190858.07220000008,89970.0,18887.283333333333,454154.8888666667,-36743.61003333333,5390,28,9,1,0,15,0
24,153122.04999999993,192325.3917266667,89970.0,19388.116666666665,454805.5583933333,-100383.01926666667,6156,28,10,2,0,41,0
25,168892.83333333326,191487.47878000006,89970.0,27688.666666666664,478038.9787800001,-69269.23266666668,4961,25,9,8,0,35,0
26,148034.88333333327,189352.77543333333,89970.0,16543.616666666665,443901.2754333334,-51957.09465,2234,24,7,1,0,18,0
27,166461.46666666656,194723.36766000002,89970.0,27124.466666666664,478279.30099333334,-72412.65543333335,5999,28,10,1,0,43,0
28,151967.5333333332,198456.22920333335,89970.0,19030.316666666666,459424.0792033334,-129942.44173666672,1649,20,10,8,0,57,0
29,148989.69999999992,191964.42944000007,89970.0,16891.6,447815.7294400001,-47627.71081666668,2103,23,11,3,0,25,0
30,156423.83333333317,190052.29446666676,89970.0,22848.75,459294.8778000002,-101357.99075999999,6008,27,11,5,0,54,0
31,148861.04999999984,191754.06260666667,89970.0,16701.766666666663,447286.87927333324,-63172.70735333333,3877,32,11,1,0,24,0
32,153371.4499999999,189188.4319266667,89970.0,21015.5,453545.3819266667,-39377.607533333336,4429,34,12,1,0,24,0
33,149972.0666666667,192279.22147000008,89970.0,19286.483333333334,451507.77147,-75988.87207666668,3580,32,9,3,0,35,0
34,149055.58333333326,191358.73356666675,89970.0,17014.249999999996,447398.5669000001,-72391.666,2975,27,11,4,0,39,0
35,152409.39999999994,189436.2228666667,89970.0,19149.083333333332,450964.70619999996,-83855.10921666666,3273,24,7,2,0,32,0
36,153666.01666666652,192208.307,89970.0,19189.199999999997,455033.5236666667,-172601.88684999995,5258,33,12,11,0,82,0
37,164020.71666666653,190424.4329000001,90138.0,28894.199999999997,473477.34956666664,-127695.47190000002,4858,27,9,11,0,56,0
38,150852.08333333334,189237.42114666675,89970.0,17565.966666666664,447625.47114666674,-129162.76194666667,2944,25,14,16,0,85,0
39,152085.63333333324,188932.78582666675,89970.0,18219.8,449208.21916000015,-77552.58095,4999,31,9,3,0,35,0
40,156231.73333333325,190730.81223333342,89970.0,23017.783333333333,459950.32889999996,-114559.59241666671,4477,28,10,6,0,59,0
41,151608.0999999999,190214.21103333338,89970.0,19030.316666666666,450822.6277000001,-57224.972416666664,2425,24,9,3,0,21,0
42,178936.16666666657,188860.27681333342,90114.0,38511.700000000004,496422.14348000014,-105993.28074999999,4303,30,11,9,0,51,0
43,155890.08333333326,188948.2974800001,89970.0,20096.366666666665,454904.74748,-103686.68715,5220,30,15,18,0,72,0
44,148282.4,188733.7392000001,89970.0,15538.316666666664,442524.45586666674,-50156.53405000001,2832,22,6,0,0,26,0
45,168469.04999999993,193911.0448466667,89970.0,27293.716666666664,479643.8115133335,-86663.91843333333,4284,26,12,7,0,49,0
46,152096.6999999999,189276.56219333343,89970.0,19476.18333333333,450819.44552666665,-65223.29265000001,2653,25,12,2,0,29,0
47,147185.16666666663,190135.5218533334,89970.0,14840.116666666663,442130.8051866666,-117548.70775666666,5326,29,13,20,0,75,0
48,152141.84999999998,193363.71964666666,89970.0,19221.283333333333,454696.8529800001,-149468.74404999995,2820,28,10,9,0,64,0
49,148648.78333333324,192262.34426000007,89970.0,16611.48333333333,447492.6109266667,-106950.33607666666,3180,27,14,1,0,42,0
50,157072.78333333327,188964.43423333342,89970.0,20514.816666666666,456522.0342333335,-87605.77171666667,4631,24,9,2,0,42,0
51,152437.26666666655,189709.9259066667,89970.0,17945.83333333333,450063.02590666665,-117892.77237333333,6816,31,16,5,0,62,0
52,155072.64999999988,191294.23790000004,89970.0,20013.3,456350.1879000001,-90711.76645,4087,22,9,3,0,43,0
53,150178.8666666666,190935.11810333337,89970.0,16619.983333333334,447703.9681033333,-52071.88013333334,4203,28,9,0,0,34,0
54,153642.66666666654,188738.72863000006,89970.0,19435.05,451786.44529666676,-103492.61646666664,4221,33,11,4,0,45,0
55,152502.1833333333,188778.3685800001,89970.0,19225.066666666666,450475.6185800001,-115959.80033333332,3421,25,13,13,0,67,0
56,153924.64999999982,188889.25212666672,89970.0,19750.25,452534.1521266665,-83493.95685,1662,21,9,4,0,50,0
57,149801.71666666667,188788.7147600001,89970.0,16539.666666666668,445100.0980933335,-56308.81398333334,3810,31,8,1,0,26,0
58,152014.13333333321,188961.86532666674,89970.0,19184.483333333334,450130.4819933334,-71395.90075,1849,23,7,6,0,31,0
59,159513.36666666658,189813.0515000001,89970.0,25924.15,465220.5681666666,-103674.8102166667,4394,23,11,2,0,42,0
60,177010.41666666657,188767.82853666673,89970.0,41850.983333333344,497599.2285366668,-150558.10680333336,4415,21,14,28,0,70,0
61,148042.93333333326,201783.36088333334,89970.0,16941.749999999996,456738.0442166667,-58928.93371666668,2489,24,7,5,0,30,0
62,151343.09999999995,191944.85207000005,89970.0,19280.416666666664,452538.3687366666,-79523.72368333334,2316,22,8,0,0,30,0
63,148837.5833333332,188877.9327066667,89970.0,16736.983333333334,444422.4993733333,-40996.129066666675,3125,23,9,2,0,18,0
64,154611.74999999988,191114.0677466667,89970.0,20552.166666666664,456247.9844133333,-72870.795,3734,27,8,0,0,34,0
65,150418.0333333333,190561.9162333334,89970.0,17397.916666666664,448347.8662333334,-109087.13350000003,3039,28,11,28,0,70,0
66,150180.9,193233.4326433333,89970.0,15380.216666666667,448764.54931000003,-85587.37808333331,5717,22,9,1,0,40,0
67,160046.65,189353.20132666675,90114.0,25530.299999999996,465044.15132666664,-189073.36604999995,7131,32,24,19,0,98,0
68,151499.96666666656,192899.09285333334,89970.0,19174.216666666667,453543.2761866667,-74255.89356666668,2039,21,4,0,0,28,0
69,151848.48333333325,188944.2441700001,89970.0,19083.783333333333,449846.5108366667,-64904.14663333333,3704,25,10,17,0,54,0
70,149583.0999999999,190642.525,89970.0,16694.45,446890.0749999999,-33880.92181666667,2781,26,6,1,0,14,0
71,151564.5166666666,190759.82364333345,89970.0,19470.166666666664,451764.5069766666,-123859.52253999996,2926,28,10,4,0,53,0
72,150552.9166666666,188985.90438000008,89970.0,18384.566666666666,447893.3877133333,-95644.45556666664,4394,26,13,3,0,42,0
73,149000.9333333332,191441.88858333326,89970.0,16728.85,447141.67191666673,-59605.575833333336,2902,29,11,3,0,26,0
74,148574.83333333326,189214.77716000009,89970.0,16569.48333333333,444329.09382666665,-56881.37078333333,1917,21,7,1,0,21,0
75,148685.48333333337,190116.65657000005,89970.0,16524.783333333333,445296.9232366668,-85923.71525000001,2273,25,11,20,0,60,0
76,149245.1,189325.85890000005,89970.0,15097.766666666665,443638.7255666668,-75803.70773333334,3575,25,12,2,0,54,0
77,167736.93333333326,190114.43644333337,89970.0,31256.0,479077.3697766666,-174062.57880333334,3523,28,16,14,0,72,0
78,152386.14999999994,190440.1482966667,89970.0,20848.8,453645.09829666663,-42552.211233333335,3320,27,9,5,0,31,0
79,150368.98333333325,190705.5069266667,89970.0,17517.616666666665,448562.10692666663,-95574.84953333333,4003,30,10,4,0,46,0
80,149528.3833333333,191039.02302000002,89970.0,16628.35,447165.7563533335,-49726.38773333333,2739,27,10,1,0,26,0
81,151860.9999999999,189909.89426,89970.0,19346.966666666664,451087.8609266668,-91991.39623333335,2898,25,9,6,0,44,0
82,147704.64999999994,194539.51263666662,89970.0,16721.566666666666,448935.7293033332,-56347.325099999995,2975,29,11,3,0,28,0
83,152378.1333333333,188866.73965000006,89970.0,19337.566666666666,450552.4396499999,-35662.0056,2036,21,4,0,0,17,0
84,154154.01666666658,189288.17871000004,89970.0,18741.416666666664,452153.6120433333,-81005.56406666666,6000,26,10,6,0,35,0
85,151856.2666666666,189858.87759000002,89970.0,17040.766666666666,448725.9109233333,-101456.72226000001,4283,23,11,6,0,51,0
86,148240.24999999988,189483.38317333348,89970.0,15670.599999999999,443364.2331733332,-102014.90296333334,3770,27,15,2,0,54,0
87,152048.0166666665,189571.8657433334,89970.0,19150.249999999996,450740.1324099999,-90415.8952166667,3738,29,12,6,0,53,0
88,150324.5999999999,189504.84193000008,89970.0,17818.716666666667,447618.1585966667,-117262.6611066667,4142,27,13,15,0,71,0
89,168476.31666666653,190241.6380600001,89970.0,28080.41666666667,476768.37139333336,-125085.23494999997,4446,31,14,22,0,73,0
90,152024.63333333324,191595.6203366667,89970.0,19397.5,452987.75367,-73822.78348333336,3219,25,11,15,0,50,0
91,151625.66666666657,188708.33290000007,89970.0,19058.066666666666,449362.0662333333,-131290.4623,2038,25,14,3,0,54,0
92,151024.1833333333,188708.33290000007,89970.0,16792.216666666664,446494.73290000006,-105971.8021166667,4492,28,17,6,0,66,0
93,153665.76666666658,188733.6167600001,89970.0,19419.45,451788.8334266667,-80821.36434333335,7140,35,16,8,0,44,0
94,153395.78333333324,197068.23128333336,89970.0,21163.13333333333,461597.14795,-53376.90838333335,2425,24,6,0,0,26,0
95,153903.6499999999,190860.2858,89970.0,18238.649999999998,452972.5858000001,-44604.26171666666,5794,27,7,1,0,16,0
96,148449.9833333333,189165.48304666675,89970.0,16485.083333333332,444070.5497133333,-143436.10113333334,3040,22,13,5,0,62,0
97,150406.29999999996,188936.76512666672,89970.0,17024.433333333334,446337.49846000003,-110680.99836666665,5861,28,12,0,0,49,0
98,146872.3166666666,190957.69731333334,89970.0,15485.5,443285.51398,-80379.07900999997,1966,24,10,5,0,45,0
99,160976.9833333332,189594.15723333345,89970.0,21182.81666666667,461723.9572333334,-100120.27885000002,9184,30,10,0,0,43,0
100,206474.1333333334,190251.48107666668,89970.0,67567.06666666667,554262.6810766668,-224258.50739999994,4250,28,13,25,0,82,0
