Demand_ID,Origin,Destination,Release Time,Due Time,Volume,Mode,Solution_List,Announce Time
Request1,1,8,3,76,7,0,0,0
Request2,1,9,0,112,29,0,0,0
Request3,1,4,9,122,11,0,0,0
Request4,1,9,44,166,22,0,0,0
Request5,1,8,74,168,24,0,0,0
Request6,1,6,94,151,28,0,0,0
Request7,2,8,13,90,28,0,0,0
Request8,2,9,40,152,12,0,0,0
Request9,2,8,12,143,27,0,0,0
Request10,1,9,59,149,14,0,0,0
Request11,1,6,3,151,15,0,0,0
Request12,1,9,0,88,9,0,0,0
Request13,2,8,70,162,6,0,0,0
Request14,2,6,73,191,27,0,0,0
Request15,1,5,2,153,15,0,0,0
Request16,3,6,94,168,22,0,0,0
Request17,1,9,96,217,11,0,0,0
Request18,1,5,75,179,21,0,0,0
Request19,3,10,39,199,7,0,0,0
Request20,2,10,42,102,5,0,0,0
Request21,1,9,59,204,15,0,0,0
Request22,2,10,15,169,28,0,0,0
Request23,3,8,30,115,28,0,0,0
Request24,1,9,7,137,5,0,0,0
Request25,1,4,32,174,10,0,0,0
Request26,3,9,55,217,18,0,0,0
Request27,1,5,47,138,17,0,0,0
Request28,1,6,80,186,26,0,0,0
Request29,1,10,43,159,21,0,0,0
Request30,1,5,74,215,15,0,0,0
Request31,1,9,61,141,10,0,0,0
Request32,1,8,55,114,27,0,0,0
Request33,1,9,11,63,13,0,0,0
Request34,3,8,7,79,18,0,0,0
Request35,1,9,28,81,17,0,0,0
Request36,1,8,8,121,28,0,0,0
Request37,1,8,7,60,30,0,0,0
Request38,1,6,64,135,22,0,0,0
Request39,1,9,9,68,9,0,0,0
Request40,1,5,62,223,22,0,0,0
Request41,1,10,47,202,28,0,0,0
Request42,3,10,25,133,15,0,0,0
Request43,1,10,0,84,16,0,0,0
Request44,1,8,76,182,6,0,0,0
Request45,1,5,92,231,9,0,0,0
Request46,1,8,20,144,25,0,0,0
Request47,1,9,87,152,29,0,0,0
Request48,3,8,29,147,17,0,0,0
Request49,1,9,82,228,5,0,0,0
Request50,2,9,14,111,14,0,0,0
Request51,2,8,25,121,21,0,0,0
Request52,1,10,28,160,22,0,0,0
Request53,3,10,41,206,23,0,0,0
Request54,1,5,45,175,21,0,0,0
Request55,1,9,13,74,23,0,0,0
Request56,1,10,59,189,5,0,0,0
Request57,2,10,45,155,17,0,0,0
Request58,2,6,50,133,9,0,0,0
Request59,1,9,78,181,27,0,0,0
Request60,2,9,10,74,19,0,0,0
Request61,1,5,37,147,24,0,0,0
Request62,3,10,3,73,12,0,0,0
Request63,1,5,74,196,7,0,0,0
Request64,1,8,78,154,22,0,0,0
Request65,1,10,25,95,15,0,0,0
Request66,1,9,86,162,23,0,0,0
Request67,1,8,238,372,30,0,0,144
Request68,2,8,181,347,23,0,0,144
Request69,2,10,166,231,24,0,0,144
Request70,1,8,199,308,9,0,0,144
Request71,1,9,184,234,16,0,0,144
Request72,3,5,208,260,25,0,0,144
Request73,1,5,218,277,14,0,0,144
Request74,2,10,172,263,25,0,0,144
Request75,1,8,198,295,27,0,0,144
Request76,1,10,230,311,10,0,0,144
Request77,2,10,197,362,30,0,0,144
Request78,1,9,147,314,26,0,0,144
Request79,1,4,228,388,20,0,0,144
Request80,1,6,154,260,14,0,0,144
Request81,2,8,198,346,30,0,0,144
Request82,1,9,167,222,30,0,0,144
Request83,1,9,157,272,28,0,0,144
Request84,1,9,223,273,8,0,0,144
Request85,1,8,203,292,10,0,0,144
Request86,3,10,211,314,17,0,0,144
Request87,1,8,203,279,12,0,0,144
Request88,1,10,220,378,21,0,0,144
Request89,2,9,181,331,10,0,0,144
Request90,1,8,203,256,20,0,0,144
Request91,1,8,180,315,6,0,0,144
Request92,1,10,229,296,9,0,0,144
Request93,1,5,177,292,27,0,0,144
Request94,2,10,162,330,13,0,0,144
Request95,1,8,183,282,9,0,0,144
Request96,2,9,216,285,28,0,0,144
Request97,3,9,214,340,28,0,0,144
Request98,1,4,189,333,8,0,0,144
Request99,2,4,155,310,11,0,0,144
Request100,2,5,180,327,13,0,0,144
Request101,1,8,238,342,20,0,0,144
Request102,1,9,174,315,24,0,0,144
Request103,2,6,188,262,8,0,0,144
Request104,2,5,178,275,8,0,0,144
Request105,1,8,152,226,25,0,0,144
Request106,2,10,189,299,12,0,0,144
Request107,1,7,179,285,23,0,0,144
Request108,1,10,197,275,15,0,0,144
Request109,1,6,198,259,14,0,0,144
Request110,1,9,229,312,9,0,0,144
Request111,1,9,228,385,30,0,0,144
Request112,2,9,239,366,10,0,0,144
Request113,1,9,215,280,10,0,0,144
Request114,3,8,187,302,9,0,0,144
Request115,1,10,203,353,9,0,0,144
Request116,1,8,208,277,16,0,0,144
Request117,2,5,186,336,22,0,0,144
Request118,1,10,172,269,15,0,0,144
Request119,1,10,155,204,26,0,0,144
Request120,2,9,216,288,5,0,0,144
Request121,3,8,230,311,14,0,0,144
Request122,1,6,192,318,13,0,0,144
Request123,3,8,201,361,8,0,0,144
Request124,1,10,190,342,6,0,0,144
Request125,2,9,214,376,9,0,0,144
Request126,1,9,197,359,23,0,0,144
Request127,1,6,172,291,28,0,0,144
Request128,3,10,208,299,17,0,0,144
Request129,2,10,240,360,9,0,0,144
Request130,1,10,150,273,14,0,0,144
Request131,2,9,226,347,26,0,0,144
Request132,1,10,222,313,11,0,0,144
Request133,2,10,356,487,19,0,0,312
Request134,3,10,397,548,25,0,0,312
Request135,1,10,326,415,8,0,0,312
Request136,1,8,386,440,8,0,0,312
Request137,1,8,338,408,27,0,0,312
Request138,3,10,338,401,26,0,0,312
Request139,2,7,404,551,9,0,0,312
Request140,1,8,361,519,10,0,0,312
Request141,1,9,331,479,17,0,0,312
Request142,1,8,324,492,15,0,0,312
Request143,3,10,333,486,26,0,0,312
Request144,1,8,378,477,24,0,0,312
Request145,1,8,400,546,5,0,0,312
Request146,1,8,388,509,27,0,0,312
Request147,1,6,324,399,29,0,0,312
Request148,1,8,342,465,14,0,0,312
Request149,1,9,354,504,13,0,0,312
Request150,1,9,361,506,6,0,0,312
Request151,3,6,323,484,11,0,0,312
Request152,1,5,327,392,28,0,0,312
Request153,1,6,385,513,7,0,0,312
Request154,1,9,360,489,12,0,0,312
Request155,1,5,387,458,29,0,0,312
Request156,1,10,401,468,14,0,0,312
Request157,1,8,358,504,5,0,0,312
Request158,1,8,360,488,13,0,0,312
Request159,1,6,392,478,24,0,0,312
Request160,1,5,346,441,25,0,0,312
Request161,2,8,335,395,19,0,0,312
Request162,1,5,387,466,27,0,0,312
Request163,3,6,381,518,25,0,0,312
Request164,1,8,354,422,5,0,0,312
Request165,3,8,359,519,7,0,0,312
Request166,2,6,343,471,14,0,0,312
Request167,1,9,354,499,21,0,0,312
Request168,1,5,316,443,30,0,0,312
Request169,1,9,345,422,28,0,0,312
Request170,3,6,328,442,17,0,0,312
Request171,1,10,403,533,25,0,0,312
Request172,1,9,331,422,24,0,0,312
Request173,1,8,356,472,22,0,0,312
Request174,1,5,395,474,12,0,0,312
Request175,2,10,385,506,8,0,0,312
Request176,3,8,361,471,7,0,0,312
Request177,1,5,351,506,27,0,0,312
Request178,1,8,355,503,25,0,0,312
Request179,1,8,328,390,25,0,0,312
Request180,3,9,348,485,10,0,0,312
Request181,3,9,323,457,17,0,0,312
Request182,1,9,356,411,16,0,0,312
Request183,1,8,323,487,16,0,0,312
Request184,3,9,360,517,12,0,0,312
Request185,1,5,372,457,20,0,0,312
Request186,2,10,389,466,20,0,0,312
Request187,1,8,377,430,23,0,0,312
Request188,3,7,349,416,11,0,0,312
Request189,1,8,366,443,24,0,0,312
Request190,1,6,321,401,10,0,0,312
Request191,1,6,391,502,11,0,0,312
Request192,1,8,348,516,27,0,0,312
Request193,2,9,366,433,7,0,0,312
Request194,2,10,352,458,17,0,0,312
Request195,1,9,316,383,16,0,0,312
Request196,1,10,326,428,30,0,0,312
Request197,1,9,329,461,9,0,0,312
Request198,3,6,335,384,30,0,0,312
Request199,2,10,490,594,5,0,0,480
Request200,1,5,546,661,11,0,0,480
